district,population,state,confirmed,recovered,tested,vaccinated1,vaccinated2,vaccinated,notes
Nicobars,36842,AN,,,,,,,
North and Middle Andaman,105597,AN,,,,,,,
South Andaman,238142,AN,,,,,,,
Unknown,,TG,,,,,,,
Anantapur,4083315,AP,,,{'date': '2020-11-26'},,,,
Chittoor,4170468,AP,,,{'date': '2020-11-26'},,,,
East Godavari,5151549,AP,,,{'date': '2020-11-26'},,,,
Foreign Evacuees,,AP,,,,,,,
Guntur,4889230,AP,,,{'date': '2020-11-26'},,,,
Krishna,4529009,AP,,,{'date': '2020-11-26'},,,,
Kurnool,4046601,AP,,,{'date': '2020-11-26'},,,,
Other State,,WB,,,,,,,
Prakasam,3392764,AP,,,{'date': '2020-11-26'},,,,
S.P.S. Nellore,2966082,AP,,,{'date': '2020-11-26'},,,,
Srikakulam,2699471,AP,,,{'date': '2020-11-26'},,,,
Visakhapatnam,4288113,AP,,,{'date': '2020-11-26'},,,,
Vizianagaram,2342868,AP,,,{'date': '2020-11-26'},,,,
West Godavari,3934782,AP,,,{'date': '2020-11-26'},,,,
Y.S.R. Kadapa,2884524,AP,,,{'date': '2020-11-26'},,,,
Anjaw,21089,AR,,,{'date': '2021-01-28'},,,,
Capital Complex,,AR,,,{'date': '2020-12-24'},,,,
Changlang,147951,AR,,,{'date': '2021-01-28'},,,,
East Kameng,78413,AR,,,{'date': '2021-01-28'},,,,
East Siang,99019,AR,,,{'date': '2021-01-28'},,,,
Kamle,22256,AR,,,{'date': '2021-01-28'},,,,
Kra Daadi,,AR,,,{'date': '2021-01-28'},,,,
Kurung Kumey,89717,AR,,,{'date': '2021-01-28'},,,,
Lepa Rada,,AR,,,{'date': '2021-01-28'},,,,
Lohit,145538,AR,,,{'date': '2021-01-28'},,,,
Longding,60000,AR,,,{'date': '2021-01-28'},,,,
Lower Dibang Valley,53986,AR,,,{'date': '2021-01-28'},,,,
Lower Siang,80597,AR,,,{'date': '2021-01-28'},,,,
Lower Subansiri,82839,AR,,,{'date': '2021-01-28'},,,,
Namsai,95950,AR,,,{'date': '2021-01-28'},,,,
Pakke Kessang,,AR,,,{'date': '2021-01-28'},,,,
Papum Pare,176385,AR,,,{'date': '2021-01-28'},,,,
Shi Yomi,13310,AR,,,{'date': '2021-01-28'},,,,
Siang,31920,AR,,,{'date': '2021-01-28'},,,,
Tawang,49950,AR,,,{'date': '2021-01-28'},,,,
Tirap,111997,AR,,,{'date': '2021-01-28'},,,,
Upper Dibang Valley,7948,AR,,,{'date': '2021-01-28'},,,,
Upper Siang,35289,AR,,,{'date': '2021-01-28'},,,,
Upper Subansiri,83205,AR,,,{'date': '2021-01-28'},,,,
West Kameng,87013,AR,,,{'date': '2021-01-28'},,,,
West Siang,112272,AR,,,{'date': '2021-01-28'},,,,
Baksa,953773,AS,,,,,,,
Barpeta,1693190,AS,,,,,,,
Biswanath,612491,AS,,,,,,,
Bongaigaon,732639,AS,,,,,,,
Cachar,1736319,AS,,,,,,,
Charaideo,,AS,,,,,,,
Chirang,481818,AS,,,,,,,
Darrang,908090,AS,,,,,,,
Dhemaji,688077,AS,,,,,,,
Dhubri,1948632,AS,,,,,,,
Dibrugarh,1327748,AS,,,{'date': '2021-02-01'},,,,
Dima Hasao,213529,AS,,,,,,,
Goalpara,1008959,AS,,,,,,,
Golaghat,1058674,AS,,,,,,,
Hailakandi,659260,AS,,,,,,,
Hojai,931218,AS,,,,,,,
Jorhat,1091295,AS,,,,,,,
Kamrup,1517202,AS,,,,,,,
Kamrup Metropolitan,1260419,AS,,,,,,,
Karbi Anglong,965280,AS,,,,,,,
Karimganj,1217002,AS,,,,,,,
Kokrajhar,886999,AS,,,,,,,
Lakhimpur,1040644,AS,,,,,,,
Majuli,167304,AS,,,,,,,
Morigaon,957853,AS,,,,,,,
Nagaon,2826006,AS,,,,,,,
Nalbari,769919,AS,,,,,,,
Sivasagar,1150253,AS,,,,,,,
Sonitpur,1925975,AS,,,,,,,
South Salmara Mankachar,555114,AS,,,,,,,
Tinsukia,1316948,AS,,,,,,,
Udalguri,832769,AS,,,{'date': '2020-09-16'},,,,
West Karbi Anglong,300320,AS,,,,,,,
Araria,2806200,BR,,,{'date': '2020-10-03'},,,,
Arwal,700843,BR,,,{'date': '2021-01-31'},,,,
Aurangabad,3695928,MH,,,{'date': '2020-05-30'},,,,
Banka,2029339,BR,,,{'date': '2021-01-31'},,,,
Begusarai,2954367,BR,,,{'date': '2020-09-26'},,,,
Bhagalpur,3032226,BR,,,{'date': '2021-01-31'},,,,
Bhojpur,2720155,BR,,,{'date': '2021-01-31'},,,,
Buxar,1707643,BR,,,{'date': '2021-01-31'},,,,
Darbhanga,3921971,BR,,,{'date': '2021-01-11'},,,,
East Champaran,5082868,BR,,,{'date': '2020-11-03'},,,,
Gaya,4379383,BR,,,{'date': '2021-01-31'},,,,
Gopalganj,2558037,BR,,,{'date': '2021-01-31'},,,,
Jamui,1756078,BR,,,{'date': '2021-01-31'},,,,
Jehanabad,1124176,BR,,,{'date': '2021-01-31'},,,,
Kaimur,1626900,BR,,,{'date': '2021-01-31'},,,,
Katihar,3068149,BR,,,{'date': '2021-01-31'},,,,
Khagaria,1657599,BR,,,{'date': '2020-10-04'},,,,
Kishanganj,1690948,BR,,,{'date': '2021-01-31'},,,,
Lakhisarai,1000717,BR,,,{'date': '2021-01-31'},,,,
Madhepura,1994618,BR,,,{'date': '2021-01-31'},,,,
Madhubani,4476044,BR,,,{'date': '2021-01-31'},,,,
Munger,1359054,BR,,,{'date': '2021-01-31'},,,,
Muzaffarpur,4778610,BR,,,{'date': '2021-01-31'},,,,
Nalanda,2872523,BR,,,{'date': '2021-01-31'},,,,
Nawada,2216653,BR,,,{'date': '2020-11-16'},,,,
Patna,5772804,BR,,,{'date': '2021-01-31'},,,,
Purnia,3273127,BR,,,{'date': '2021-01-05'},,,,
Rohtas,2962593,BR,,,{'date': '2021-01-31'},,,,
Saharsa,1897102,BR,,,{'date': '2021-01-31'},,,,
Samastipur,4254782,BR,,,{'date': '2021-01-31'},,,,
Saran,3943098,BR,,,{'date': '2021-01-31'},,,,
Sheikhpura,634927,BR,,,{'date': '2021-01-31'},,,,
Sheohar,656916,BR,,,{'date': '2020-11-16'},,,,
Sitamarhi,3419622,BR,,,{'date': '2021-01-31'},,,,
Siwan,3318176,BR,,,{'date': '2021-01-31'},,,,
Supaul,2228397,BR,,,{'date': '2021-01-31'},,,,
Vaishali,3495021,BR,,,{'date': '2021-01-31'},,,,
West Champaran,3935042,BR,,,{'date': '2021-01-31'},,,,
Chandigarh,1055450,CH,,,"{'date': '2021-10-31', 'source': 'https://t.me/Covid19india_Auxiliary_Test_Data/11877'}",,,{'date': '2021-10-31'},
Balod,826165,CT,,,{'date': '2020-06-14'},,,,
Baloda Bazar,1305343,CT,,,{'date': '2020-06-14'},,,,
Balrampur,2149066,UP,,,{'date': '2021-01-31'},,,,
Bametara,197035,CT,,,{'date': '2020-06-14'},,,,
Bastar,1302253,CT,,,{'date': '2020-05-23'},,,,
Bijapur,229832,CT,,,{'date': '2020-06-14'},,,,
Bilaspur,382056,HP,,,{'date': '2020-12-19'},,,,
Dakshin Bastar Dantewada,533638,CT,,,{'date': '2020-06-14'},,,,
Dhamtari,799199,CT,,,{'date': '2020-06-14'},,,,
Durg,3343079,CT,,,{'date': '2020-06-14'},,,,
Gariaband,597653,CT,,,{'date': '2020-06-14'},,,,
Gaurela Pendra Marwahi,,CT,,,{'date': '2020-06-14'},,,,
Janjgir Champa,1620632,CT,,,{'date': '2020-06-14'},,,,
Jashpur,852043,CT,,,{'date': '2020-06-14'},,,,
Kabeerdham,584667,CT,,,{'date': '2020-06-14'},,,,
Kondagaon,578326,CT,,,{'date': '2020-06-14'},,,,
Korba,1206563,CT,,,{'date': '2020-06-14'},,,,
Koriya,659039,CT,,,{'date': '2020-06-14'},,,,
Mahasamund,1032275,CT,,,{'date': '2020-06-14'},,,,
Mungeli,701707,CT,,,{'date': '2020-06-14'},,,,
Narayanpur,140206,CT,,,{'date': '2020-06-14'},,,,
Raigarh,,MP,,,,,,,
Raipur,4062160,CT,,,{'date': '2020-06-14'},,,,
Rajnandgaon,1537520,CT,,,{'date': '2020-11-09'},,,,
Sukma,249000,CT,,,{'date': '2020-06-14'},,,,
Surajpur,660280,CT,,,{'date': '2020-06-14'},,,,
Surguja,420661,CT,,,{'date': '2020-11-18'},,,,
Uttar Bastar Kanker,748593,CT,,,{'date': '2020-06-14'},,,,
Delhi,19814000,DL,,,"{'date': '2021-10-31', 'source': 'https://t.me/Covid19india_Auxiliary_Test_Data/11885'}",,,{'date': '2021-10-31'},
Dadra and Nagar Haveli,343709,DN,,,{'date': '2020-10-20'},,,,
Daman,191173,DN,,,{'date': '2020-10-20'},,,,
Diu,52074,DN,,,{'date': '2020-10-20'},,,,
North Goa,817761,GA,,,,,,,
South Goa,639962,GA,,,,,,,
Ahmedabad,7208200,GJ,,,{'date': '2021-02-02'},,,,
Amreli,1513614,GJ,,,{'date': '2021-02-02'},,,,
Anand,2090276,GJ,,,{'date': '2021-02-02'},,,,
Aravalli,1051746,GJ,,,{'date': '2021-02-02'},,,,
Banaskantha,3116045,GJ,,,{'date': '2021-02-02'},,,,
Bharuch,1550822,GJ,,,{'date': '2021-02-02'},,,,
Bhavnagar,2877961,GJ,,,{'date': '2021-02-02'},,,,
Botad,656005,GJ,,,{'date': '2021-02-02'},,,,
Chhota Udaipur,1071831,GJ,,,{'date': '2021-02-02'},,,,
Dahod,2126558,GJ,,,{'date': '2021-02-02'},,,,
Dang,226769,GJ,,,{'date': '2021-02-02'},,,,
Devbhumi Dwarka,752484,GJ,,,{'date': '2021-02-02'},,,,
Gandhinagar,1387478,GJ,,,{'date': '2021-02-02'},,,,
Gir Somnath,1217477,GJ,,,{'date': '2021-02-02'},,,,
Jamnagar,2159130,GJ,,,{'date': '2021-02-02'},,,,
Junagadh,2742291,GJ,,,{'date': '2021-02-02'},,,,
Kheda,2298934,GJ,,,{'date': '2021-02-02'},,,,
Kutch,2090313,GJ,,,{'date': '2021-02-02'},,,,
Mahisagar,994624,GJ,,,{'date': '2021-02-02'},,,,
Mehsana,2027727,GJ,,,{'date': '2021-02-02'},,,,
Morbi,960329,GJ,,,{'date': '2021-02-02'},,,,
Narmada,590379,GJ,,,{'date': '2021-02-02'},,,,
Navsari,1330711,GJ,,,{'date': '2021-02-02'},,,,
Panchmahal,2388267,GJ,,,{'date': '2021-02-02'},,,,
Patan,1342746,GJ,,,{'date': '2021-02-02'},,,,
Porbandar,586062,GJ,,,{'date': '2021-02-02'},,,,
Rajkot,3157676,GJ,,,{'date': '2021-02-02'},,,,
Sabarkantha,2427346,GJ,,,{'date': '2021-02-02'},,,,
Surat,4996391,GJ,,,{'date': '2021-02-02'},,,,
Surendranagar,1755873,GJ,,,{'date': '2021-02-02'},,,,
Tapi,806489,GJ,,,{'date': '2021-02-02'},,,,
Vadodara,3639775,GJ,,,{'date': '2021-02-02'},,,,
Valsad,1703068,GJ,,,{'date': '2021-02-02'},,,,
Chamba,518844,HP,,,{'date': '2020-12-19'},,,,
Hamirpur,1104021,UP,,,{'date': '2021-01-10'},,,,
Kangra,1507223,HP,,,{'date': '2020-12-19'},,,,
Kinnaur,84298,HP,,,{'date': '2020-12-19'},,,,
Kullu,437474,HP,,,{'date': '2020-09-29'},,,,
Lahaul and Spiti,31528,HP,,,{'date': '2020-10-31'},,,,
Mandi,999518,HP,,,{'date': '2020-12-19'},,,,
Shimla,813384,HP,,,{'date': '2020-12-19'},,,,
Sirmaur,530164,HP,,,{'date': '2020-12-19'},,,,
Solan,576670,HP,,,{'date': '2020-12-19'},,,,
Una,521057,HP,,,{'date': '2020-12-19'},,,,
Ambala,1136784,HR,,,{'date': '2021-01-30'},,,,
Bhiwani,1629109,HR,,,{'date': '2021-01-30'},,,,
Charkhi Dadri,502276,HR,,,{'date': '2020-10-28'},,,,
Faridabad,1798954,HR,,,{'date': '2021-01-30'},,,,
Fatehabad,941522,HR,,,{'date': '2020-08-29'},,,,
Gurugram,1514085,HR,,,{'date': '2021-01-30'},,,,
Hisar,1742815,HR,,,{'date': '2021-01-30'},,,,
Jhajjar,956907,HR,,,{'date': '2020-11-30'},,,,
Jind,1332042,HR,,,{'date': '2020-07-13'},,,,
Kaithal,1072861,HR,,,{'date': '2020-07-13'},,,,
Karnal,1506323,HR,,,{'date': '2021-01-30'},,,,
Kurukshetra,964231,HR,,,{'date': '2021-01-29'},,,,
Mahendragarh,921680,HR,,,{'date': '2021-01-30'},,,,
Nuh,1089406,HR,,,{'date': '2020-11-01'},,,,
Palwal,1040493,HR,,,{'date': '2021-01-30'},,,,
Panchkula,558890,HR,,,{'date': '2020-12-05'},,,,
Panipat,1202811,HR,,,{'date': '2020-10-06'},,,,
Rewari,896129,HR,,,{'date': '2021-01-30'},,,,
Rohtak,1058683,HR,,,{'date': '2020-07-13'},,,,
Sirsa,1295114,HR,,,{'date': '2020-12-06'},,,,
Sonipat,1480080,HR,,,{'date': '2020-12-06'},,,,
Yamunanagar,1214162,HR,,,{'date': '2021-01-30'},,,,
Bokaro,2061918,JH,,,{'date': '2020-07-23'},,,,
Chatra,1042304,JH,,,,,,,
Deoghar,1491879,JH,,,{'date': '2020-07-23'},,,,
Dhanbad,2682662,JH,,,,,,,
Dumka,1321096,JH,,,{'date': '2020-07-23'},,,,
East Singhbhum,2291032,JH,,,,,,,
Garhwa,1322387,JH,,,,,,,
Giridih,2445203,JH,,,{'date': '2020-07-23'},,,,
Godda,1311382,JH,,,{'date': '2020-07-23'},,,,
Gumla,1025656,JH,,,,,,,
Hazaribagh,1734005,JH,,,,,,,
Jamtara,790207,JH,,,{'date': '2020-07-21'},,,,
Khunti,530299,JH,,,{'date': '2020-07-29'},,,,
Koderma,717169,JH,,,,,,,
Latehar,725673,JH,,,,,,,
Lohardaga,461738,JH,,,{'date': '2020-07-25'},,,,
Pakur,899200,JH,,,{'date': '2020-07-23'},,,,
Palamu,1936319,JH,,,,,,,
Ramgarh,949159,JH,,,,,,,
Ranchi,2912022,JH,,,,,,,
Sahibganj,1150038,JH,,,{'date': '2020-07-23'},,,,
Saraikela-Kharsawan,1063458,JH,,,{'date': '2020-12-13'},,,,
Simdega,599813,JH,,,,,,,
West Singhbhum,1501619,JH,,,,,,,
Anantnag,1070144,JK,,,,,,,
Bandipora,385099,JK,,,,,,,
Baramulla,1015503,JK,,,,,,,
Budgam,735753,JK,,,,,,,
Doda,409576,JK,,,,,,,
Ganderbal,297003,JK,,,,,,,
Jammu,1526406,JK,,,,,,,
Kathua,615711,JK,,,,,,,
Kishtwar,230696,JK,,,,,,,
Kulgam,422786,JK,,,,,,,
Kupwara,875564,JK,,,,,,,
Pulwama,570060,JK,,,{'date': '2021-01-01'},,,,
Punch,476820,JK,,,,,,,
Rajouri,619266,JK,,,,,,,
Ramban,283313,JK,,,,,,,
Reasi,314714,JK,,,,,,,
Samba,318611,JK,,,,,,,
Shopiyan,265960,JK,,,,,,,
Srinagar,1269751,JK,,,,,,,
Udhampur,555357,JK,,,,,,,
Bagalkote,1890826,KA,,,{'date': '2020-08-23'},,,,
Ballari,2532383,KA,,,{'date': '2020-12-28'},,,,
Belagavi,4778439,KA,,,{'date': '2021-01-02'},,,,
Bengaluru Rural,987257,KA,,,{'date': '2021-01-31'},,,,
Bengaluru Urban,9588910,KA,,,{'date': '2021-01-31'},,,,
Bidar,1700018,KA,,,{'date': '2020-08-29'},,,,
Chamarajanagara,1020962,KA,,,{'date': '2020-06-28'},,,,
Chikkaballapura,1254377,KA,,,{'date': '2020-06-28'},,,,
Chikkamagaluru,1137753,KA,,,{'date': '2020-06-28'},,,,
Chitradurga,1660378,KA,,,{'date': '2020-06-28'},,,,
Dakshina Kannada,2083625,KA,,,{'date': '2020-09-17'},,,,
Davanagere,1946905,KA,,,{'date': '2020-06-28'},,,,
Dharwad,1846993,KA,,,{'date': '2020-10-13'},,,,
Gadag,1065235,KA,,,{'date': '2020-06-28'},,,,
Hassan,1776221,KA,,,{'date': '2020-06-28'},,,,
Haveri,1598506,KA,,,{'date': '2020-06-28'},,,,
Kalaburagi,2564892,KA,,,{'date': '2021-01-30'},,,,
Kodagu,554762,KA,,,{'date': '2021-01-31'},,,,
Kolar,1540231,KA,,,{'date': '2020-10-14'},,,,
Koppal,1391292,KA,,,{'date': '2020-06-28'},,,,
Mandya,1808680,KA,,,{'date': '2020-06-28'},,,,
Mysuru,2994744,KA,,,{'date': '2020-08-31'},,,,
Raichur,1924773,KA,,,{'date': '2020-06-28'},,,,
Ramanagara,1082739,KA,,,{'date': '2020-11-25'},,,,
Shivamogga,1755512,KA,,,{'date': '2020-08-21'},,,,
Tumakuru,2681449,KA,,,{'date': '2020-09-24'},,,,
Udupi,1177908,KA,,,{'date': '2020-09-13'},,,,
Uttara Kannada,1353299,KA,,,{'date': '2020-06-28'},,,,
Vijayapura,2175102,KA,,,{'date': '2020-06-28'},,,,
Yadgir,1172985,KA,,,{'date': '2021-01-31'},,,,
Alappuzha,2121943,KL,,,,,,,
Ernakulam,3279860,KL,,,,,,,
Idukki,1107453,KL,,,{'date': '2021-01-01'},,,,
Kannur,2525637,KL,,,{'date': '2021-01-01'},,,,
Kasaragod,1302600,KL,,,,,,,
Kollam,2629703,KL,,,,,,,
Kottayam,1979384,KL,,,,,,,
Kozhikode,3089543,KL,,,{'date': '2021-01-01'},,,,
Malappuram,4110956,KL,,,{'date': '2020-12-30'},,,,
Palakkad,2810892,KL,,,{'date': '2020-10-19'},,,,
Pathanamthitta,1195537,KL,,,{'date': '2021-01-01'},,,,
Thiruvananthapuram,3307284,KL,,,{'date': '2020-10-23'},,,,
Thrissur,3110327,KL,,,{'date': '2021-01-01'},,,,
Wayanad,816558,KL,,,{'date': '2021-01-01'},,,,
Kargil,143000,LA,,,{'date': '2021-01-14'},,,,
Leh,147000,LA,,,{'date': '2021-01-14'},,,,
Lakshadweep,64473,LD,,,"{'date': '2021-10-31', 'source': 'https://t.me/Covid19india_Auxiliary_Test_Data/11888'}",,,{'date': '2021-10-31'},
Ahmednagar,4543083,MH,,,{'date': '2020-07-19'},,,,
Akola,1818617,MH,,,,,,,
Amravati,2887826,MH,,,,,,,
Beed,2585962,MH,,,{'date': '2020-10-11'},,,,
Bhandara,1198810,MH,,,{'date': '2020-10-11'},,,,
Buldhana,2588039,MH,,,{'date': '2021-01-30'},,,,
Chandrapur,2194262,MH,,,{'date': '2021-01-30'},,,,
Dhule,2048781,MH,,,{'date': '2020-10-11'},,,,
Gadchiroli,1071795,MH,,,{'date': '2020-07-23'},,,,
Gondia,1322331,MH,,,{'date': '2021-01-29'},,,,
Hingoli,1178973,MH,,,{'date': '2020-08-03'},,,,
Jalgaon,4224442,MH,,,{'date': '2021-01-30'},,,,
Jalna,1958483,MH,,,{'date': '2021-01-30'},,,,
Kolhapur,3874015,MH,,,,,,,
Latur,2455543,MH,,,,,,,
Mumbai,12442373,MH,,,{'date': '2021-01-29'},,,,"[Sep 9]After reconciling COVID-19 cases in Mumbai, owing to the removal of duplicates and change of addresses as per the original residence, 239 cases have been removed from the progressive figures."
Nagpur,4653171,MH,,,{'date': '2020-10-18'},,,,District administration provides number of persons tested instead of the number of samples tested.
Nanded,3356566,MH,,,{'date': '2020-11-03'},,,,Number of active cases differs in the state bulletin and district bulletin. We follow the state bulletin.
Nandurbar,1646177,MH,,,{'date': '2020-12-12'},,,,
Nashik,6109052,MH,,,{'date': '2021-01-30'},,,,Number of active cases differs in the state bulletin and district bulletin. We follow the state bulletin.
Osmanabad,1660311,MH,,,{'date': '2021-01-07'},,,,
Palghar,2990116,MH,,,{'date': '2021-01-30'},,,,
Parbhani,1835982,MH,,,{'date': '2021-01-30'},,,,
Pune,9426959,MH,,,{'date': '2021-01-12'},,,,Number of active cases differs in the state bulletin and district bulletin. We follow the state bulletin.
Raigad,2635394,MH,,,{'date': '2021-01-28'},,,,Number of active cases differs in the state bulletin and district bulletin. We follow the state bulletin.
Ratnagiri,1612672,MH,,,,,,,
Sangli,2820575,MH,,,,,,,
Satara,3003922,MH,,,{'date': '2021-01-30'},,,,
Sindhudurg,848868,MH,,,,,,,
Solapur,4315527,MH,,,{'date': '2021-01-30'},,,,
Thane,11060148,MH,,,{'date': '2020-11-04'},,,,
Wardha,1296157,MH,,,{'date': '2020-10-31'},,,,
Washim,1196714,MH,,,,,,,
Yavatmal,2775457,MH,,,{'date': '2021-01-29'},,,,
East Garo Hills,317618,ML,,,,,,,
East Jaintia Hills,122436,ML,,,,,,,
East Khasi Hills,824059,ML,,,,,,,
North Garo Hills,118325,ML,,,,,,,
Ribhoi,258380,ML,,,,,,,
South Garo Hills,142574,ML,,,,,,,
South West Garo Hills,172495,ML,,,,,,,
South West Khasi Hills,110152,ML,,,,,,,
West Garo Hills,642923,ML,,,,,,,
West Jaintia Hills,270352,ML,,,,,,,
West Khasi Hills,385601,ML,,,,,,,
Bishnupur,240363,MN,,,,,,,
Chandel,144028,MN,,,,,,,
Churachandpur,271274,MN,,,{'date': '2020-09-23'},,,,
Imphal East,452661,MN,,,,,,,
Imphal West,514683,MN,,,,,,,
Jiribam,43818,MN,,,,,,,
Kakching,135481,MN,,,,,,,
Kamjong,45616,MN,,,,,,,
Kangpokpi,,MN,,,,,,,
Noney,,MN,,,,,,,
Pherzawl,47250,MN,,,,,,,
Senapati,354772,MN,,,,,,,
Tamenglong,140143,MN,,,,,,,
Tengnoupal,,MN,,,,,,,
Thoubal,420517,MN,,,,,,,
Ukhrul,183115,MN,,,,,,,
Agar Malwa,,MP,,,,,,,
Alirajpur,728677,MP,,,,,,,
Anuppur,749521,MP,,,{'date': '2020-09-19'},,,,
Ashoknagar,844979,MP,,,{'date': '2021-01-31'},,,,
Balaghat,1701156,MP,,,{'date': '2020-08-19'},,,,
Barwani,1385659,MP,,,{'date': '2020-11-19'},,,,
Betul,1575247,MP,,,{'date': '2021-01-31'},,,,
Bhind,1703562,MP,,,{'date': '2020-11-16'},,,,
Bhopal,2368145,MP,,,{'date': '2020-09-19'},,,,
Burhanpur,756993,MP,,,{'date': '2020-08-18'},,,,
Chhatarpur,1762857,MP,,,{'date': '2020-12-09'},,,,
Chhindwara,2090306,MP,,,{'date': '2021-01-31'},,,,
Damoh,1263703,MP,,,{'date': '2020-09-19'},,,,
Datia,786375,MP,,,{'date': '2020-12-04'},,,,
Dewas,1563107,MP,,,{'date': '2021-01-31'},,,,
Dhar,2184672,MP,,,{'date': '2020-12-02'},,,,
Dindori,704218,MP,,,{'date': '2020-07-08'},,,,
Guna,1240938,MP,,,{'date': '2020-12-04'},,,,
Gwalior,2030543,MP,,,{'date': '2020-12-04'},,,,
Harda,570302,MP,,,{'date': '2020-12-02'},,,,
Hoshangabad,1240975,MP,,,{'date': '2020-12-04'},,,,
Indore,3272335,MP,,,{'date': '2021-01-31'},,,,
Jabalpur,2460714,MP,,,{'date': '2021-02-01'},,,,
Jhabua,1024091,MP,,,{'date': '2020-12-04'},,,,
Katni,1291684,MP,,,{'date': '2020-12-18'},,,,
Khandwa,1309443,MP,,,{'date': '2020-08-24'},,,,
Khargone,1872413,MP,,,{'date': '2020-09-19'},,,,
Mandla,1053522,MP,,,,,,,
Mandsaur,1339832,MP,,,{'date': '2020-12-04'},,,,
Morena,1965137,MP,,,{'date': '2021-02-01'},,,,
Narsinghpur,1092141,MP,,,{'date': '2021-01-30'},,,,
Neemuch,825958,MP,,,{'date': '2020-12-04'},,,,
Niwari,,MP,,,{'date': '2020-11-29'},,,,
Panna,1016028,MP,,,,,,,
Raisen,1331699,MP,,,{'date': '2020-11-29'},,,,
Rajgarh,1546541,MP,,,{'date': '2020-12-04'},,,,
Ratlam,1454483,MP,,,{'date': '2020-11-29'},,,,
Rewa,2363744,MP,,,{'date': '2020-08-18'},,,,
Sagar,2378295,MP,,,{'date': '2020-09-19'},,,,
Satna,2228619,MP,,,{'date': '2020-09-19'},,,,
Sehore,1311008,MP,,,{'date': '2020-11-29'},,,,
Seoni,1378876,MP,,,{'date': '2020-09-19'},,,,
Shahdol,1064989,MP,,,{'date': '2020-09-19'},,,,
Shajapur,1512353,MP,,,{'date': '2021-02-01'},,,,
Sheopur,687952,MP,,,{'date': '2020-11-29'},,,,
Shivpuri,1725818,MP,,,{'date': '2020-11-19'},,,,
Sidhi,1126515,MP,,,{'date': '2020-07-26'},,,,
Singrauli,1178132,MP,,,,,,,
Tikamgarh,1444920,MP,,,{'date': '2020-11-29'},,,,
Ujjain,1986864,MP,,,{'date': '2020-09-19'},,,,
Umaria,643579,MP,,,{'date': '2020-11-19'},,,,
Vidisha,1458212,MP,,,{'date': '2020-12-04'},,,,
Aizawl,404054,MZ,,,,,,,
Champhai,125370,MZ,,,,,,,
Hnahthial,,MZ,,,,,,,
Khawzawl,,MZ,,,,,,,
Kolasib,83054,MZ,,,,,,,
Lawngtlai,117444,MZ,,,,,,,
Lunglei,154094,MZ,,,,,,,
Mamit,85757,MZ,,,,,,,
Saiha,56366,MZ,,,,,,,
Saitual,,MZ,,,,,,,
Serchhip,64875,MZ,,,,,,,
Dimapur,379769,NL,,,{'date': '2020-12-11'},,,,
Kiphire,74033,NL,,,{'date': '2020-12-11'},,,,
Kohima,270063,NL,,,{'date': '2020-12-11'},,,,
Longleng,50593,NL,,,{'date': '2020-12-11'},,,,
Mokokchung,193171,NL,,,{'date': '2020-12-11'},,,,
Mon,259604,NL,,,{'date': '2020-12-11'},,,,
Peren,163294,NL,,,{'date': '2020-12-11'},,,,
Phek,163294,NL,,,{'date': '2020-12-11'},,,,
Tuensang,414801,NL,,,{'date': '2020-12-11'},,,,
Wokha,166239,NL,,,{'date': '2020-12-11'},,,,
Zunheboto,141014,NL,,,{'date': '2020-12-11'},,,,
Angul,1271703,OR,,,{'date': '2021-01-27'},,,,
Balangir,1648574,OR,,,{'date': '2020-10-11'},,,,
Balasore,2317419,OR,,,{'date': '2020-05-17'},,,,
Bargarh,1478833,OR,,,,,,,
Bhadrak,1506522,OR,,,{'date': '2021-01-31'},,,,
Boudh,439917,OR,,,{'date': '2020-05-17'},,,,
Cuttack,2618708,OR,,,{'date': '2020-05-17'},,,,
Deogarh,312164,OR,,,{'date': '2020-05-17'},,,,
Dhenkanal,1192948,OR,,,{'date': '2021-01-31'},,,,
Gajapati,575880,OR,,,{'date': '2020-05-17'},,,,
Ganjam,3520151,OR,,,{'date': '2021-01-31'},,,,
Jagatsinghpur,1136604,OR,,,{'date': '2020-09-15'},,,,
Jajpur,1826275,OR,,,{'date': '2020-08-23'},,,,
Jharsuguda,579499,OR,,,{'date': '2020-05-17'},,,,
Kalahandi,1573054,OR,,,{'date': '2020-05-17'},,,,
Kandhamal,731952,OR,,,{'date': '2020-05-17'},,,,
Kendrapara,1439891,OR,,,{'date': '2020-10-19'},,,,
Kendujhar,1802777,OR,,,{'date': '2021-02-01'},,,,
Khordha,2246341,OR,,,,,,,
Koraput,1376934,OR,,,{'date': '2020-05-17'},,,,
Malkangiri,612727,OR,,,{'date': '2020-05-17'},,,,
Mayurbhanj,2513895,OR,,,{'date': '2020-05-17'},,,,
Nabarangapur,1218762,OR,,,{'date': '2021-01-25'},,,,
Nayagarh,962215,OR,,,{'date': '2020-05-17'},,,,
Nuapada,606490,OR,,,{'date': '2020-05-17'},,,,
Puri,1697983,OR,,,{'date': '2020-12-01'},,,,
Rayagada,961959,OR,,,{'date': '2020-05-17'},,,,
Sambalpur,1044410,OR,,,{'date': '2020-05-17'},,,,
State Pool,,OR,,,,,,,
Subarnapur,652107,OR,,,,,,,
Sundargarh,2080664,OR,,,,,,,
Amritsar,2490891,PB,,,{'date': '2020-09-02'},,,,
Barnala,596294,PB,,,{'date': '2020-12-20'},,,,
Bathinda,1388859,PB,,,{'date': '2020-12-20'},,,,
Faridkot,618008,PB,,,{'date': '2020-09-02'},,,,
Fatehgarh Sahib,599814,PB,,,{'date': '2020-12-20'},,,,
Fazilka,1180483,PB,,,{'date': '2020-12-10'},,,,
Ferozepur,2026831,PB,,,{'date': '2020-12-20'},,,,
Gurdaspur,2299026,PB,,,{'date': '2020-12-20'},,,,
Hoshiarpur,1582793,PB,,,{'date': '2020-12-20'},,,,
Jalandhar,2181753,PB,,,{'date': '2020-12-20'},,,,
Kapurthala,817668,PB,,,{'date': '2020-09-02'},,,,
Ludhiana,3487882,PB,,,{'date': '2020-12-20'},,,,
Mansa,768808,PB,,,{'date': '2020-09-02'},,,,
Moga,992289,PB,,,{'date': '2020-12-20'},,,,
Pathankot,626154,PB,,,{'date': '2020-09-02'},,,,
Patiala,2892282,PB,,,{'date': '2020-12-20'},,,,
Rupnagar,683349,PB,,,{'date': '2020-12-20'},,,,
S.A.S. Nagar,986147,PB,,,{'date': '2020-09-02'},,,,
Sangrur,1654408,PB,,,{'date': '2020-12-19'},,,,
Shahid Bhagat Singh Nagar,614362,PB,,,{'date': '2020-12-20'},,,,
Sri Muktsar Sahib,902702,PB,,,{'date': '2020-12-12'},,,,
Tarn Taran,1120070,PB,,,{'date': '2020-12-18'},,,,
Karaikal,200222,PY,,,{'date': '2021-01-27'},,,,"2 case of TN has been transferred,so has been reduced from the total count."
Mahe,41816,PY,,,{'date': '2021-01-27'},,,,"1 case of KL have been transferred,so have been reduced from the total count"
Puducherry,950289,PY,,,{'date': '2021-01-27'},,,,"209 cases(204 of TN, 1 of AP and 4 other) have been transferred,so have been reduced from the total count.[July 18]4 cases have transferred to TN and have been reduced from recovered cases."
Yanam,55626,PY,,,{'date': '2021-01-27'},,,,"2 cases of AP have been transferred,so have been reduced from the total count"
Ajmer,2584913,RJ,,,{'date': '2021-02-01'},,,,
Alwar,3671999,RJ,,,{'date': '2021-02-01'},,,,
BSF Camp,,RJ,,,,,,,
Banswara,1798194,RJ,,,{'date': '2021-02-01'},,,,
Baran,1223921,RJ,,,{'date': '2021-02-01'},,,,
Barmer,2604453,RJ,,,{'date': '2021-02-01'},,,,
Bharatpur,2549121,RJ,,,{'date': '2021-02-01'},,,,
Bhilwara,2410459,RJ,,,{'date': '2021-02-01'},,,,
Bikaner,2367745,RJ,,,{'date': '2021-02-01'},,,,
Bundi,1113725,RJ,,,{'date': '2021-02-01'},,,,
Chittorgarh,1544392,RJ,,,{'date': '2021-02-01'},,,,
Churu,2041172,RJ,,,{'date': '2021-02-01'},,,,
Dausa,1637226,RJ,,,{'date': '2021-02-01'},,,,
Dholpur,1207293,RJ,,,{'date': '2021-02-01'},,,,
Dungarpur,1388906,RJ,,,{'date': '2021-02-01'},,,,
Evacuees,,RJ,,,,,,,
Ganganagar,1969520,RJ,,,{'date': '2021-02-01'},,,,
Hanumangarh,1779650,RJ,,,{'date': '2021-02-01'},,,,
Italians,,RJ,,,,,,,
Jaipur,6663971,RJ,,,{'date': '2021-02-01'},,,,
Jaisalmer,672008,RJ,,,{'date': '2021-02-01'},,,,
Jalore,1830151,RJ,,,{'date': '2021-02-01'},,,,
Jhalawar,1411327,RJ,,,{'date': '2021-02-01'},,,,
Jhunjhunu,2139658,RJ,,,{'date': '2021-02-01'},,,,
Jodhpur,3685681,RJ,,,{'date': '2021-02-01'},,,,
Karauli,1458459,RJ,,,{'date': '2021-02-01'},,,,
Kota,1950491,RJ,,,{'date': '2021-02-01'},,,,
Nagaur,3309234,RJ,,,{'date': '2021-02-01'},,,,
Pali,2038533,RJ,,,{'date': '2021-02-01'},,,,
Pratapgarh,3173752,UP,,,{'date': '2021-01-14'},,,,
Rajsamand,1158283,RJ,,,{'date': '2021-02-01'},,,,
Sawai Madhopur,1338114,RJ,,,{'date': '2021-02-01'},,,,
Sikar,2677737,RJ,,,{'date': '2021-02-01'},,,,
Sirohi,1037185,RJ,,,{'date': '2021-02-01'},,,,
Tonk,1421711,RJ,,,{'date': '2021-02-01'},,,,
Udaipur,3067549,RJ,,,{'date': '2021-02-01'},,,,
East Sikkim,281293,SK,,,,,,,
North Sikkim,43354,SK,,,,,,,
South Sikkim,146742,SK,,,,,,,
West Sikkim,136299,SK,,,,,,,
Adilabad,708952,TG,,,,,,,
Bhadradri Kothagudem,1304811,TG,,,,,,,
Hyderabad,3441992,TG,,,,,,,
Jagtial,983414,TG,,,,,,,
Jangaon,582457,TG,,,,,,,
Jayashankar Bhupalapally,712257,TG,,,,,,,
Jogulamba Gadwal,664971,TG,,,,,,,
Kamareddy,972625,TG,,,,,,,
Karimnagar,1016063,TG,,,,,,,
Khammam,1401639,TG,,,,,,,
Komaram Bheem,515835,TG,,,,,,,
Mahabubabad,1318110,TG,,,,,,,
Mahabubnagar,,TG,,,,,,,
Mancherial,807037,TG,,,,,,,
Medak,767428,TG,,,,,,,
Medchal Malkajgiri,2542203,TG,,,,,,,
Mulugu,294671,TG,,,,,,,
Nagarkurnool,893308,TG,,,,,,,
Nalgonda,1631399,TG,,,,,,,
Narayanpet,566874,TG,,,,,,,
Nirmal,709415,TG,,,,,,,
Nizamabad,1534428,TG,,,,,,,
Peddapalli,795332,TG,,,,,,,
Rajanna Sircilla,546121,TG,,,,,,,
Ranga Reddy,2551731,TG,,,,,,,
Sangareddy,1527628,TG,,,,,,,
Siddipet,993376,TG,,,,,,,
Suryapet,1099560,TG,,,,,,,
Vikarabad,881250,TG,,,,,,,
Wanaparthy,751553,TG,,,,,,,
Warangal Rural,716457,TG,,,,,,,
Warangal Urban,1135707,TG,,,,,,,
Yadadri Bhuvanagiri,726465,TG,,,,,,,
Airport Quarantine,,TN,,,,,,,
Ariyalur,752481,TN,,,{'date': '2020-07-23'},,,,
Chengalpattu,2556244,TN,,,{'date': '2020-07-23'},,,,
Chennai,7100000,TN,,,{'date': '2021-02-01'},,,,[July 22]: 444 backdated deceased entries added to Chennai in TN bulletin.
Coimbatore,3472578,TN,,,{'date': '2020-07-23'},,,,
Cuddalore,2600880,TN,,,{'date': '2020-07-23'},,,,
Dharmapuri,1502900,TN,,,{'date': '2020-12-22'},,,,
Dindigul,2161367,TN,,,{'date': '2020-07-23'},,,,
Erode,2259608,TN,,,{'date': '2020-07-23'},,,,
Kallakurichi,1370281,TN,,,{'date': '2020-07-23'},,,,
Kancheepuram,1166401,TN,,,{'date': '2020-07-23'},,,,
Kanyakumari,1863178,TN,,,{'date': '2020-07-23'},,,,
Karur,1076588,TN,,,{'date': '2020-07-23'},,,,
Krishnagiri,1883731,TN,,,{'date': '2020-07-23'},,,,
Madurai,3991038,TN,,,{'date': '2020-07-23'},,,,
Mayiladuthurai,901000,TN,,,,,,,
Nagapattinam,1614069,TN,,,{'date': '2020-07-23'},,,,
Namakkal,1721179,TN,,,{'date': '2020-07-23'},,,,
Nilgiris,735071,TN,,,{'date': '2020-07-23'},,,,
Perambalur,564511,TN,,,{'date': '2020-07-23'},,,,
Pudukkottai,1918725,TN,,,{'date': '2020-07-23'},,,,
Railway Quarantine,,TN,,,,,,,
Ramanathapuram,1337560,TN,,,{'date': '2020-07-23'},,,,
Ranipet,1210277,TN,,,{'date': '2020-07-23'},,,,
Salem,3480008,TN,,,{'date': '2020-07-23'},,,,
Sivaganga,1341250,TN,,,{'date': '2020-07-23'},,,,
Tenkasi,1407627,TN,,,{'date': '2020-07-23'},,,,
Thanjavur,2402781,TN,,,{'date': '2020-07-23'},,,,
Theni,1243684,TN,,,{'date': '2020-07-23'},,,,
Thiruvallur,3725697,TN,,,{'date': '2020-07-23'},,,,
Thiruvarur,1268094,TN,,,{'date': '2020-07-23'},,,,
Thoothukkudi,1738376,TN,,,{'date': '2020-07-23'},,,,
Tiruchirappalli,2713858,TN,,,{'date': '2020-08-07'},,,,
Tirunelveli,1665253,TN,,,{'date': '2020-07-23'},,,,
Tirupathur,1111812,TN,,,{'date': '2020-07-23'},,,,
Tiruppur,2471222,TN,,,{'date': '2020-07-23'},,,,
Tiruvannamalai,2468965,TN,,,{'date': '2020-07-23'},,,,
Vellore,1614242,TN,,,{'date': '2020-07-23'},,,,
Viluppuram,2093003,TN,,,{'date': '2020-07-23'},,,,
Virudhunagar,1943309,TN,,,{'date': '2020-07-23'},,,,
Dhalai,377988,TR,,,{'date': '2021-02-02'},,,,
Gomati,436868,TR,,,{'date': '2021-02-02'},,,,
Khowai,327391,TR,,,{'date': '2021-02-02'},,,,
North Tripura,415946,TR,,,{'date': '2021-02-02'},,,,
Sipahijala,484233,TR,,,{'date': '2021-02-02'},,,,
South Tripura,433737,TR,,,{'date': '2021-02-02'},,,,
Unokoti,277335,TR,,,{'date': '2021-02-02'},,,,
West Tripura,917534,TR,,,{'date': '2021-02-02'},,,,
TT,,TT,,,,,,,
Agra,4380793,UP,,,{'date': '2021-01-31'},,,,
Aligarh,3673849,UP,,,{'date': '2021-01-31'},,,,
Ambedkar Nagar,2398709,UP,,,{'date': '2021-01-31'},,,,
Amethi,2549935,UP,,,{'date': '2021-01-31'},,,,
Amroha,1838771,UP,,,{'date': '2021-01-13'},,,,
Auraiya,1372287,UP,,,{'date': '2021-01-10'},,,,
Ayodhya,2468371,UP,,,{'date': '2021-01-31'},,,,
Azamgarh,4616509,UP,,,{'date': '2020-12-27'},,,,
Baghpat,1302156,UP,,,{'date': '2021-01-31'},,,,
Bahraich,2384239,UP,,,{'date': '2021-01-31'},,,,
Ballia,3223642,UP,,,{'date': '2021-01-31'},,,,
Banda,1799541,UP,,,{'date': '2021-01-10'},,,,
Barabanki,3257983,UP,,,{'date': '2021-01-30'},,,,
Bareilly,4465344,UP,,,{'date': '2021-01-13'},,,,
Basti,2461056,UP,,,{'date': '2021-01-31'},,,,
Bhadohi,1554203,UP,,,{'date': '2021-01-31'},,,,
Bijnor,3683896,UP,,,{'date': '2021-01-30'},,,,
Budaun,3712738,UP,,,{'date': '2021-01-23'},,,,
Bulandshahr,3498507,UP,,,{'date': '2020-12-07'},,,,
Chandauli,1952713,UP,,,{'date': '2021-01-31'},,,,
Chitrakoot,990626,UP,,,{'date': '2021-01-10'},,,,
Deoria,3098637,UP,,,{'date': '2021-01-31'},,,,
Etah,1761152,UP,,,{'date': '2021-01-31'},,,,
Etawah,1579160,UP,,,{'date': '2021-01-10'},,,,
Farrukhabad,1887577,UP,,,{'date': '2021-01-10'},,,,
Fatehpur,2632684,UP,,,{'date': '2021-01-10'},,,,
Firozabad,2496761,UP,,,{'date': '2021-01-31'},,,,
Gautam Buddha Nagar,1674714,UP,,,{'date': '2021-01-24'},,,,
Ghaziabad,4661452,UP,,,{'date': '2021-01-24'},,,,
Ghazipur,3622727,UP,,,{'date': '2021-01-31'},,,,
Gonda,3431386,UP,,,{'date': '2021-01-31'},,,,
Gorakhpur,4436275,UP,,,{'date': '2021-01-31'},,,,
Hapur,1338211,UP,,,{'date': '2021-01-03'},,,,
Hardoi,4091380,UP,,,{'date': '2021-01-30'},,,,
Hathras,1565678,UP,,,{'date': '2021-01-31'},,,,
Jalaun,1670718,UP,,,{'date': '2021-01-10'},,,,
Jaunpur,4476072,UP,,,{'date': '2021-01-20'},,,,
Jhansi,2000755,UP,,,{'date': '2020-11-26'},,,,
Kannauj,1658005,UP,,,{'date': '2021-01-10'},,,,
Kanpur Dehat,1795092,UP,,,{'date': '2021-01-10'},,,,
Kanpur Nagar,4572951,UP,,,{'date': '2021-01-10'},,,,
Kasganj,1438156,UP,,,{'date': '2021-01-31'},,,,
Kaushambi,1596909,UP,,,{'date': '2021-01-14'},,,,
Kushinagar,3560830,UP,,,{'date': '2021-01-30'},,,,
Lakhimpur Kheri,4013634,UP,,,{'date': '2021-01-30'},,,,
Lalitpur,1218002,UP,,,{'date': '2020-08-07'},,,,
Lucknow,4588455,UP,,,{'date': '2020-12-13'},,,,
Maharajganj,2665292,UP,,,{'date': '2021-01-31'},,,,
Mahoba,876055,UP,,,{'date': '2021-01-10'},,,,
Mainpuri,1847194,UP,,,{'date': '2021-01-31'},,,,
Mathura,2541894,UP,,,{'date': '2021-01-29'},,,,
Mau,2205170,UP,,,{'date': '2021-01-31'},,,,
Meerut,3447405,UP,,,{'date': '2021-01-31'},,,,
Mirzapur,2494533,UP,,,{'date': '2021-01-31'},,,,
Moradabad,4773138,UP,,,{'date': '2021-01-13'},,,,
Muzaffarnagar,4138605,UP,,,{'date': '2021-01-25'},,,,
Pilibhit,2037225,UP,,,{'date': '2021-01-13'},,,,
Prayagraj,5959798,UP,,,{'date': '2021-01-14'},,,,
Rae Bareli,3404004,UP,,,{'date': '2021-01-30'},,,,
Rampur,2335398,UP,,,{'date': '2021-01-16'},,,,
Saharanpur,3464228,UP,,,{'date': '2021-01-30'},,,,
Sambhal,2217020,UP,,,{'date': '2021-01-13'},,,,
Sant Kabir Nagar,1714300,UP,,,{'date': '2021-01-31'},,,,
Shahjahanpur,3002376,UP,,,{'date': '2021-01-13'},,,,
Shamli,1274815,UP,,,{'date': '2021-01-31'},,,,
Shrawasti,1114615,UP,,,{'date': '2021-01-31'},,,,
Siddharthnagar,2553526,UP,,,{'date': '2021-01-31'},,,,
Sitapur,4474446,UP,,,{'date': '2021-01-28'},,,,
Sonbhadra,1862612,UP,,,{'date': '2021-01-31'},,,,
Sultanpur,3790922,UP,,,{'date': '2021-01-31'},,,,
Unnao,3110595,UP,,,{'date': '2021-01-10'},,,,
Varanasi,3682194,UP,,,{'date': '2021-01-31'},,,,
Almora,621927,UT,,,{'date': '2021-01-30'},,,,
Bageshwar,259840,UT,,,{'date': '2021-01-30'},,,,
Chamoli,391114,UT,,,{'date': '2021-01-30'},,,,
Champawat,259315,UT,,,{'date': '2021-01-30'},,,,
Dehradun,1698560,UT,,,{'date': '2021-01-30'},,,,
Haridwar,1927029,UT,,,{'date': '2021-01-30'},,,,
Nainital,955128,UT,,,{'date': '2021-01-30'},,,,
Pauri Garhwal,686527,UT,,,{'date': '2021-01-30'},,,,
Pithoragarh,485993,UT,,,{'date': '2021-01-30'},,,,
Rudraprayag,236857,UT,,,{'date': '2021-01-30'},,,,
Tehri Garhwal,616409,UT,,,{'date': '2021-01-30'},,,,
Udham Singh Nagar,1648367,UT,,,{'date': '2021-01-30'},,,,
Uttarkashi,329686,UT,,,{'date': '2021-01-30'},,,,
Alipurduar,1700000,WB,,,,,,,
Bankura,3596292,WB,,,,,,,
Birbhum,3502387,WB,,,,,,,
Cooch Behar,2822780,WB,,,,,,,
Dakshin Dinajpur,1670931,WB,,,,,,,
Darjeeling,1842034,WB,,,,,,,
Hooghly,5520389,WB,,,,,,,
Howrah,4841638,WB,,,,,,,
Jalpaiguri,3869675,WB,,,,,,,
Jhargram,1136548,WB,,,,,,,
Kalimpong,251642,WB,,,,,,,
Kolkata,4486679,WB,,,,,,,
Malda,3997970,WB,,,,,,,
Murshidabad,7102430,WB,,,,,,,
Nadia,5168488,WB,,,,,,,
North 24 Parganas,10082852,WB,,,,,,,
Paschim Bardhaman,2882031,WB,,,,,,,
Paschim Medinipur,5094238,WB,,,,,,,
Purba Bardhaman,4835532,WB,,,,,,,
Purba Medinipur,4417377,WB,,,,,,,
Purulia,2927965,WB,,,,,,,
South 24 Parganas,8153176,WB,,,,,,,
Uttar Dinajpur,3000849,WB,,,,,,,
